{
  "config_source": "main.py",
  "context": {
    "window_size": 400,
    "route_source": "uji",
    "sensor_source": "uji",
    "uji_test_file": "tt01.txt"
  },
  "methods": {
    "pf_main": {
      "error_series": [
        0.1542540466701403,
        3.0145932639498834,
        6.377649554640975,
        9.816281973225179,
        13.1957178150575,
        12.78459430168859,
        13.156312096751515,
        13.554879893769836,
        11.204937777810436,
        9.673034731837067,
        9.265943935540696,
        6.437021686376469,
        3.5853336205012716,
        1.071039757806224
      ],
      "error_stats": {
        "mean": 8.092256746830412,
        "median": 9.46948933368888,
        "p95": 13.321424542606819,
        "final": 1.071039757806224
      }
    },
    "pf_simple_resample": {
      "error_series": [
        0.1542540466701403,
        3.0145932639498834,
        6.377649554640975,
        9.816281973225179,
        13.194078186985115,
        12.386826910346358,
        11.37304771889159,
        11.596527152129042,
        9.392613075570658,
        8.254524374135856,
        8.154160124692629,
        5.590383510043143,
        3.5946501433323066,
        3.779791527596588
      ],
      "error_stats": {
        "mean": 7.619955825872104,
        "median": 8.204342249414243,
        "p95": 12.669364857169922,
        "final": 3.779791527596588
      }
    },
    "kf_fusion": {
      "error_series": [
        0.1542540466701403,
        3.0146394043245848,
        6.377629023906988,
        9.753740238752716,
        13.133098833572472,
        12.686387932570668,
        13.179312745023678,
        13.563984323407155,
        11.172646410544544,
        9.611255295520001,
        9.08057790158488,
        6.278871207270128,
        3.475948118703594,
        1.2322928783378528
      ],
      "error_stats": {
        "mean": 8.051045597156385,
        "median": 9.34591659855244,
        "p95": 13.313947797457894,
        "final": 1.2322928783378528
      }
    },
    "ekf_fusion": {
      "error_series": [
        0.1542540466701403,
        3.0146424288690388,
        6.377631807365905,
        9.75367758582717,
        13.133100694432438,
        12.686082771909009,
        13.176563344635387,
        13.560482598665885,
        11.172022048852332,
        9.61719712825702,
        9.09823257223395,
        6.298439410610298,
        3.4958116499387955,
        1.238172287972878
      ],
      "error_stats": {
        "mean": 8.055450741160017,
        "median": 9.357714850245486,
        "p95": 13.310935083546061,
        "final": 1.238172287972878
      }
    },
    "magicol_classic": {
      "error_series": [
        0.1542540466701403,
        2.941079952862321,
        6.303687554180721,
        9.623361940464305,
        12.951566509105824,
        12.40200333263169,
        12.931271522162232,
        13.359655283765555,
        10.985988070309984,
        9.452285518407002,
        8.833249801157859,
        5.927175526478298,
        3.2044342663308076,
        2.049754391037264
      ],
      "error_stats": {
        "mean": 7.9371262653974295,
        "median": 9.14276765978243,
        "p95": 13.09439758023673,
        "final": 2.049754391037264
      }
    },
    "pdr_only": {
      "error_series": [
        0.1542540466701403,
        3.0147240080092894,
        6.377702446621063,
        9.693400706420244,
        13.014043373667574,
        12.474917862880078,
        13.01123061558348,
        13.440921985549238,
        11.067728582221442,
        9.529802326819716,
        8.902645070391333,
        5.993239228299812,
        3.262219789433744,
        2.0403135124404406
      ],
      "error_stats": {
        "mean": 7.998367396786255,
        "median": 9.216223698605525,
        "p95": 13.163450887826157,
        "final": 2.0403135124404406
      }
    }
  },
  "tracks": {
    "pf_main": [
      [
        16.558192446246274,
        7.092469959572973
      ],
      [
        15.893399338380659,
        7.248800912153906
      ],
      [
        15.45839463997328,
        7.501300605796438
      ],
      [
        15.182014247412967,
        7.701394219821883
      ],
      [
        14.85724304627084,
        7.939347108811848
      ],
      [
        14.561673850789006,
        8.082366324666037
      ],
      [
        14.131222136095706,
        8.27098915618313
      ],
      [
        13.776661134319905,
        8.526566534308522
      ],
      [
        13.52436016509809,
        8.7507193116388
      ],
      [
        13.103977197624204,
        9.159526000403261
      ],
      [
        13.125225841956423,
        9.474882485055462
      ],
      [
        13.094131782213555,
        9.646790574270744
      ],
      [
        12.913372933002176,
        9.902502699402753
      ],
      [
        12.757397708502907,
        9.98984465117968
      ]
    ],
    "pf_simple_resample": [
      [
        16.558192446246274,
        7.092469959572973
      ],
      [
        15.893399338380659,
        7.248800912153906
      ],
      [
        15.45839463997328,
        7.501300605796438
      ],
      [
        15.182014247412967,
        7.701394219821883
      ],
      [
        14.683976144563765,
        7.658216837538353
      ],
      [
        14.117074240238832,
        7.978096769986966
      ],
      [
        12.344986176708419,
        8.079174998395988
      ],
      [
        11.719709797780164,
        8.68840321855487
      ],
      [
        11.38276049047225,
        8.913715713700084
      ],
      [
        11.019575239292164,
        9.105200138808321
      ],
      [
        10.69282143654939,
        9.218659853769848
      ],
      [
        10.308878473485073,
        9.452460263966756
      ],
      [
        9.964331068393895,
        9.584267689977347
      ],
      [
        9.581231046853269,
        9.76746263228971
      ]
    ],
    "kf_fusion": [
      [
        16.558192446246274,
        7.092469959572973
      ],
      [
        15.893507834315177,
        7.248874700359747
      ],
      [
        15.458430839958563,
        7.501396270592304
      ],
      [
        15.121731886939518,
        7.722607226866722
      ],
      [
        14.798139325532834,
        7.962445355126726
      ],
      [
        14.479112566773287,
        8.151807767102833
      ],
      [
        14.154402487782269,
        8.312024847765176
      ],
      [
        13.779902425247686,
        8.554046030746003
      ],
      [
        13.488508697031122,
        8.75115355397825
      ],
      [
        13.105789710883128,
        9.06823373355909
      ],
      [
        12.928570068827202,
        9.36853179625997
      ],
      [
        12.840780750820223,
        9.590821414800676
      ],
      [
        12.66970407970871,
        9.859752378357785
      ],
      [
        12.515066455131075,
        10.017601593737192
      ]
    ],
    "ekf_fusion": [
      [
        16.558192446246274,
        7.092469959572973
      ],
      [
        15.893505977698306,
        7.2488668193375485
      ],
      [
        15.458425148643007,
        7.501382061549655
      ],
      [
        15.122372866479664,
        7.723782917751427
      ],
      [
        14.799231615984677,
        7.964282426908993
      ],
      [
        14.478573460808862,
        8.151006743580604
      ],
      [
        14.15164030449997,
        8.307733068121898
      ],
      [
        13.777218622303058,
        8.549981642390732
      ],
      [
        13.488097258860623,
        8.750560076904264
      ],
      [
        13.10904108521845,
        9.073438677073172
      ],
      [
        12.937690149831846,
        9.383694090724786
      ],
      [
        12.850682728411295,
        9.607825798793332
      ],
      [
        12.68000907801615,
        9.877602289907573
      ],
      [
        12.522827100113501,
        10.031423678003183
      ]
    ],