{
  "config_source": "main.py",
  "context": {
    "window_size": 400,
    "route_source": "uji",
    "sensor_source": "uji",
    "uji_test_file": "tt02.txt"
  },
  "methods": {
    "pf_main": {
      "error_series": [
        0.0050931680666151035,
        2.5815363216647613,
        5.0746062778568195,
        6.264450630047975,
        6.680706898070104,
        8.353247974844484,
        9.565047991641658,
        7.5643576357720725,
        5.041795453182617,
        2.8805325789028906,
        2.0433451180355036
      ],
      "error_stats": {
        "mean": 5.095883640735045,
        "median": 5.0746062778568195,
        "p95": 8.95914798324307,
        "final": 2.0433451180355036
      }
    },
    "kf_fusion": {
      "error_series": [
        0.0050931680666151035,
        2.581645079697254,
        5.074616544420415,
        6.275652728438264,
        6.7734578420361204,
        8.408366381311003,
        9.608780892638359,
        7.6554476891553564,
        5.139581712057863,
        2.952850490351897,
        2.038113317798033
      ],
      "error_stats": {
        "mean": 5.137600531451925,
        "median": 5.139581712057863,
        "p95": 9.008573636974681,
        "final": 2.038113317798033
      }
    },
    "ekf_fusion": {
      "error_series": [
        0.0050931680666151035,
        2.581644345344273,
        5.0746159325971645,
        6.275455448573845,
        6.76692129355108,
        8.40418841229675,
        9.60563119681303,
        7.647230955587236,
        5.130837347594856,
        2.9442787457048962,
        2.039252257692143
      ],
      "error_stats": {
        "mean": 5.1341044639838085,
        "median": 5.130837347594856,
        "p95": 9.00490980455489,
        "final": 2.039252257692143
      }
    },
    "magicol_classic": {
      "error_series": [
        0.0050931680666151035,
        3.81404578808322,
        7.135922776944142,
        8.207685162476697,
        8.230199558790723,
        9.15449483028905,
        9.859372904466534,
        8.027780952078922,
        6.12230945409547,
        4.972350584365025,
        4.851081185077423
      ],
      "error_stats": {
        "mean": 6.3982123967939835,
        "median": 7.135922776944142,
        "p95": 9.506933867377793,
        "final": 4.851081185077423
      }
    },
    "pdr_only": {
      "error_series": [
        0.0050931680666151035,
        2.5818444698679333,
        5.074826020459014,
        6.286685418787502,
        6.875890864329936,
        8.57931822359363,
        9.806529750116644,
        7.935288592128956,
        5.545109117634358,
        3.510936134482655,
        2.4686947527329357
      ],
      "error_stats": {
        "mean": 5.333656046563653,
        "median": 5.545109117634358,
        "p95": 9.192923986855137,
        "final": 2.4686947527329357
      }
    }
  },
  "tracks": {
    "pf_main": [
      [
        10.477772390263219,
        1.0372376065608284
      ],
      [
        10.162079753585871,
        1.3134193112432189
      ],
      [
        9.792247863801173,
        1.4532793611158974
      ],
      [
        9.477295979373881,
        1.5972146272859562
      ],
      [
        9.150575050148746,
        1.950786976264016
      ],
      [
        8.543994004073214,
        2.0696105965964255
      ],
      [
        8.076566216194896,
        2.270130906850185
      ],
      [
        7.550111061542471,
        2.5822098773305644
      ],
      [
        7.031750205610299,
        2.830198761370315
      ],
      [
        6.859693559557133,
        3.010489624463906
      ],
      [
        6.429145854033791,
        3.0802180597329496
      ]
    ],
    "kf_fusion": [
      [
        10.477772390263219,
        1.0372376065608284
      ],
      [
        10.162189281026661,
        1.313402762505286
      ],
      [
        9.792274023338566,
        1.453318663797293
      ],
      [
        9.480144314578064,
        1.5809489953771336
      ],
      [
        9.141948175380959,
        1.8369419156260756
      ],
      [
        8.640683589081892,
        2.031220903472917
      ],
      [
        8.170668198847652,
        2.223021355777204
      ],
      [
        7.6415874398973305,
        2.4845255397873474
      ],
      [
        7.133507868491391,
        2.736453843578929
      ],
      [
        6.8371101058803365,
        2.920460889428558
      ],
      [
        6.423696428239857,
        3.079380409867889
      ]
    ],
    "ekf_fusion": [
      [
        10.477772390263219,
        1.0372376065608284
      ],
      [
        10.162187971191644,
        1.3134012665012793
      ],
      [
        9.792271996351918,
        1.4533151078325852
      ],
      [
        9.480574111074707,
        1.5819788654145608
      ],
      [
        9.14631009204747,
        1.8472056430916282
      ],
      [
        8.642663961601265,
        2.0358444568712497
      ],
      [
        8.171977046696899,
        2.226132555729483
      ],
      [
        7.644767511830349,
        2.492558093379341
      ],
      [
        7.137036949907929,
        2.7453874860008316
      ],
      [
        6.84135967167647,
        2.9317766789290296
      ],
      [
        6.4257959648184135,
        3.0849669338854215
      ]
    ],
    "magicol_classic": [
      [
        10.477772390263219,
        1.0372376065608284
      ],
      [
        11.54232078831604,
        2.25474311895752
      ],
      [
        12.041258319884994,
        1.8133721679748598
      ],
      [
        11.801123828716834,
        1.8694717496236506
      ],
      [
        11.562822964457098,
        1.9169251689646047
      ],
      [
        11.175099363313375,
        2.103419873178046
      ],
      [
        10.798146395870223,
        2.248087537463445
      ],
      [
        10.360891475435363,
        2.414703725888009
      ],
      [
        9.952772408934118,
        2.5763491649870014
      ],
      [
        9.63981761300884,
        2.6766599720773767
      ],
      [
        9.229540554155196,
        2.831052177493429
      ]
    ],
    "pdr_only": [
      [
        10.477772390263219,
        1.0372376065608284
      ],
      [
        10.162390081334776,
        1.3133724231524093
      ],
      [
        9.792503376867234,
        1.4533312234495996
      ],
      [
        9.48312606979883,
        1.5652437586397692
      ],
      [
        9.136856210360223,
        1.7146913545147215
      ],
      [
        8.725308296714154,
        1.873349178707777
      ],
      [
        8.34240696137365,
        2.021538392412185
      ],
      [
        7.897956835277308,
        2.192668564520215
      ],
      [
        7.484003928456729,
        2.3578820580095687
      ],
      [
        7.166717236398589,
        2.4586155744301705
      ],
      [
        6.748263086316136,
        2.6167603066219836
      ]
    ]
  },
  "output_png": "results/multi_method_comparison_tt02_smoke.png"
}