{
  "branch": "own",
  "own_profile": "own_branch",
  "dataset_key": "own_branch",
  "dataset_dir": "/Users/xuminglei/dachuang/Lego-like-Geomagnetic-Positioning/data/own_data/Geomagnetic Navigation 2026-03-19 20-10-45",
  "route_label": "manual_controls",
  "map_mode": "raw",
  "map_npz_path": null,
  "mirror_y": false,
  "initial_heading_rad": 1.5707963267948966,
  "initial_heading_deg": 90.0,
  "use_route_initial_heading": true,
  "heading_offset_deg": -90.0,
  "trim_head": 0,
  "trim_tail": 0,
  "full_sensor_frames": 829,
  "sensor_frames_used": 829,
  "steps_detected": 23,
  "map_point_cloud_mode": "tile_matrix",
  "map_point_cloud_shape": [
    136485,
    3
  ],
  "map_bounds": [
    0.0,
    6.74,
    0.0,
    8.1
  ],
  "route_len": 157,
  "pdr_error_stats": {
    "mean": 3.419387622492326,
    "median": 3.6590480712675877,
    "p95": 5.98467714012501,
    "final": 6.185750494025407
  },
  "pf_error_stats": {
    "mean": 1.6381133474919656,
    "median": 1.8381300171630612,
    "p95": 2.7420822833898,
    "final": 2.3722038795760363
  },
  "pdr_error_series": [
    0.6691122944875607,
    0.8256611807017644,
    0.9571806966125518,
    1.1359044784598364,
    1.3264478895394107,
    1.4631798931540032,
    1.726454752868476,
    1.9619239313030554,
    2.2716871714374354,
    2.660820119524989,
    3.0514105324730765,
    3.429943821081256,
    3.8881523214539198,
    4.00092137855437,
    4.150745853878578,
    4.331204141609024,
    4.7413055359809375,
    5.013381080759713,
    5.303682828757739,
    5.486108791693062,
    5.616753289941655,
    5.861082503093281,
    6.006487958424727,
    6.185750494025407
  ],
  "pf_error_series": [
    0.6691122944875607,
    0.482916296682465,
    0.3961001057757812,
    0.41764432405491775,
    0.45671183731302456,
    0.5860300213636528,
    0.7285057421306769,
    0.9109280651331513,
    1.077039565063324,
    1.298868025358645,
    1.5337231958871629,
    1.725107761848589,
    1.9511522724775334,
    2.063002007452665,
    2.108754578821292,
    2.2221237157074842,
    2.2991851131655947,
    2.4553439477128127,
    2.6051884344169385,
    2.6590311328875273,
    2.7524049773710124,
    2.860056027623062,
    2.6835870174962637,
    2.3722038795760363
  ],
  "pdr_track": [
    [
      1.155774601419946,
      0.639830890214961
    ],
    [
      1.1536662676362361,
      1.1561267887989295
    ],
    [
      1.1691243412482262,
      1.6410566877150365
    ],
    [
      1.1774360136220239,
      2.124899351585279
    ],
    [
      1.164753648289982,
      2.6740494829175656
    ],
    [
      1.1339437772568568,
      3.169803827804627
    ],
    [
      1.1465051825976715,
      3.7868513132707884
    ],
    [
      1.1809701209742902,
      4.322940360169103
    ],
    [
      1.0331128601657347,
      4.99751032029185
    ],
    [
      1.023804552142629,
      5.740555015896261
    ],
    [
      0.9705790563105751,
      6.485392193942824
    ],
    [
      1.045426991608227,
      7.216379823627281
    ],
    [
      1.1506536478411422,
      7.973975204168602
    ],
    [
      1.3096962657794748,
      8.42960966466528
    ],
    [
      1.8610884835940467,
      8.849256494191671
    ],
    [
      2.395974347930419,
      9.1709377371939
    ],
    [
      3.04524189993623,
      9.5050921298578
    ],
    [
      3.5388166352179047,
      9.726252585970016
    ],
    [
      4.147065955427551,
      9.93911101260398
    ],
    [
      4.8248061875846755,
      9.996156928911685
    ],
    [
      5.4439025515094865,
      10.011652775463771
    ],
    [
      6.150518315174443,
      10.066796472796007
    ],
    [
      6.861053918454893,
      10.014511254413879
    ],
    [
      7.524622034082716,
      10.018608420904963
    ]
  ],
  "pf_track": [
    [
      1.155774601419946,
      0.639830890214961
    ],
    [
      1.1578412443354593,
      0.7940303526901451
    ],
    [
      1.1654628950970134,
      1.0456447881393403
    ],
    [
      1.1913722352644116,
      1.3576976706336108
    ],
    [
      1.2326321838547316,
      1.7299115100108597
    ],
    [
      1.3429441452939124,
      2.1606045170245656
    ],
    [
      1.4197241258779445,
      2.6356321477346056
    ],
    [
      1.4787859497912133,
      3.1222663708704173
    ],
    [
      1.5000238762970832,
      3.658873616828412
    ],
    [
      1.5231425433596413,
      4.250939499998825
    ],
    [
      1.5500617448696565,
      4.849674390120732
    ],
    [
      1.6657927552991234,
      5.361619873630188
    ],
    [
      1.7648822624549443,
      5.867902524466434
    ],
    [
      1.8741606610774177,
      6.293401948872182
    ],
    [
      2.129077497449685,
      6.552522415428516
    ],
    [
      2.434903655260465,
      6.79794798999041
    ],
    [
      2.7973044429250926,
      6.89313504766694
    ],
    [
      3.183770156585196,
      7.0297519596138
    ],
    [
      3.6092110490147613,
      7.167390641698434
    ],
    [
      4.040622783419512,
      7.1818790590086525
    ],
    [
      4.493340162198477,
      7.228739672446107
    ],
    [
      4.919983763784538,
      7.2726063374459855
    ],
    [
      5.18183596439725,
      7.124944247626566
    ],
    [
      5.362494487648214,
      6.869165133064175
    ]
  ],
  "particle_counts": [
    5000,
    5000,
    5000,
    5000,
    5000,
    2000,
    2000,
    2000,
    2000,
    2000,
    2000,
    2000,
    2000,
    2000,
    2000,
    2000,
    2000,
    2000,
    2000,
    2000,
    2000,
    2000,
    2000,
    2000
  ],